<?xml version="1.0" encoding="UTF-8"?>
<project version="4">
  <component name="JmixDataStoreSettingsManager">
    <moduleSettings>
      <entry key="de.balvi.compositeExample.main">
        <ModuleSettings>
          <option name="dataStoreOptions">
            <map>
              <entry key="main">
                <value>
                  <DataStoreSettings>
                    <option name="supportedTypes">
                      <option value="hsql" />
                    </option>
                  </DataStoreSettings>
                </value>
              </entry>
            </map>
          </option>
        </ModuleSettings>
      </entry>
    </moduleSettings>
  </component>
</project>