<?xml version="1.0" encoding="UTF-8" standalone="no"?>
<window xmlns="http://jmix.io/schema/ui/window"
        caption="msg://customerEdit.caption"
        focusComponent="form">
    <data>
        <instance id="customerDc"
                  class="de.balvi.ce.entity.Customer">
            <fetchPlan extends="_base">
                <property name="orders" fetchPlan="_base"/>
            </fetchPlan>
            <loader/>
        </instance>
        <collection id="ordersDc"
                    class="de.balvi.ce.entity.Order">
            <fetchPlan extends="_base">
                <property name="customer" fetchPlan="_base"/>
            </fetchPlan>
            <loader id="ordersDl">
                <query>
                    <![CDATA[select e from ce_Order e]]>
                </query>
            </loader>
        </collection>
    </data>
    <facets>
        <dataLoadCoordinator auto="true"/>
        <screenSettings id="settingsFacet" auto="true"/>
    </facets>
    <actions>
        <action id="windowCommitAndClose" caption="msg:///actions.Ok"
                icon="EDITOR_OK"
                primary="true"
                shortcut="${COMMIT_SHORTCUT}"/>
        <action id="windowClose"
                caption="msg:///actions.Close"
                icon="EDITOR_CANCEL"/>
    </actions>
    <dialogMode height="600"
                width="800"/>
    <layout spacing="true" expand="editActions">
        <form id="form" dataContainer="customerDc">
            <column width="350px">
                <textField id="nameField" property="name"/>
            </column>
        </form>
        <groupTable id="ordersTable" dataContainer="ordersDc" width="400px" height="400px">
            <actions>
                <action id="create" type="create"/>
                <action id="edit" type="edit"/>
                <action id="remove" type="remove"/>
            </actions>
            <buttonsPanel id="buttonsPanel" alwaysVisible="true">
                <button id="createBtn" action="ordersTable.create"/>
                <button id="editBtn" action="ordersTable.edit"/>
                <button id="removeBtn" action="ordersTable.remove"/>
            </buttonsPanel>
            <columns>
                <column id="name"/>
            </columns>
        </groupTable>
        <hbox id="editActions" spacing="true">
            <button id="commitAndCloseBtn" action="windowCommitAndClose"/>
            <button id="closeBtn" action="windowClose"/>
        </hbox>
    </layout>
</window>
