<?xml version="1.0" encoding="UTF-8" standalone="no"?>
<window xmlns="http://jmix.io/schema/ui/window"
        xmlns:b="http://balvi.de/schema/customer/composite-component"
        caption="msg://customerBrowse.caption"
        focusComponent="customersTable">
    <data readOnly="true">
        <collection id="customersDc"
                    class="de.balvi.ce.entity.Customer">
            <fetchPlan extends="_base"/>
            <loader id="customersDl">
                <query>
                    <![CDATA[select e from ce_Customer e]]>
                </query>
            </loader>
        </collection>
    </data>
    <facets>
        <dataLoadCoordinator auto="true"/>
        <screenSettings id="settingsFacet" auto="true"/>
    </facets>
    <actions>
        <action id="lookupSelectAction"
                caption="msg:///actions.Select"
                icon="LOOKUP_OK"
                primary="true"
                shortcut="${COMMIT_SHORTCUT}"/>
        <action id="lookupCancelAction"
                caption="msg:///actions.Cancel"
                icon="LOOKUP_CANCEL"/>
    </actions>
    <dialogMode height="600"
                width="800"/>
    <layout expand="customersTable" spacing="true">
        <filter id="filter"
                dataLoader="customersDl">
            <properties include=".*"/>
        </filter>
        <groupTable id="customersTable"
                    width="100%"
                    dataContainer="customersDc">
            <actions>
                <action id="create" type="create"/>
                <action id="edit" type="edit"/>
                <action id="remove" type="remove"/>
            </actions>
            <columns>
                <column id="name"/>
            </columns>
            <simplePagination/>
            <buttonsPanel id="buttonsPanel"
                          alwaysVisible="true">
                <button id="createBtn" action="customersTable.create"/>
                <button id="editBtn" action="customersTable.edit"/>
                <button id="removeBtn" action="customersTable.remove"/>
                <b:orderSelectorField/>
            </buttonsPanel>
        </groupTable>
        <hbox id="lookupActions" spacing="true" visible="false">
            <button action="lookupSelectAction"/>
            <button action="lookupCancelAction"/>
        </hbox>
    </layout>
</window>
