<?xml version="1.0" encoding="UTF-8"?>
<databaseChangeLog
        xmlns="http://www.liquibase.org/xml/ns/dbchangelog"
        xmlns:xsi="http://www.w3.org/2001/XMLSchema-instance"
        xsi:schemaLocation="http://www.liquibase.org/xml/ns/dbchangelog
                      http://www.liquibase.org/xml/ns/dbchangelog/dbchangelog-4.11.xsd" objectQuotingStrategy="QUOTE_ONLY_RESERVED_WORDS">
    <changeSet id="1" author="ce">
        <createTable tableName="CE_ORDER">
            <column name="ID" type="UUID">
                <constraints nullable="false" primaryKey="true" primaryKeyName="PK_CE_ORDER"/>
            </column>
            <column name="CUSTOMER_ID" type="UUID"/>
        </createTable>
    </changeSet>
    <changeSet id="2" author="ce">
        <createIndex indexName="IDX_CE_ORDER_CUSTOMER" tableName="CE_ORDER">
            <column name="CUSTOMER_ID"/>
        </createIndex>

        <addForeignKeyConstraint baseColumnNames="CUSTOMER_ID" baseTableName="CE_ORDER" constraintName="FK_CE_ORDER_ON_CUSTOMER" referencedColumnNames="ID"
                                 referencedTableName="CE_CUSTOMER"/>
    </changeSet>
</databaseChangeLog>